이름,업종
ABC마트,대형마트
AK,백화점
CGV,영화관 운영
CU성대점,편의점
CU율전점,편의점
CU일월점,편의점
CU정자점,편의점
CU천천점,편의점
GS25성대점,편의점
GS25율전점,편의점
GS25일월점,편의점
GS25정자점,편의점
GS25천천점,편의점
HM풋살파크,체육시설
K2휘트니스,체육시설
KB금융,주식회사
KT,주식회사
KT&G,주식회사
LF몰,백화점
LG,주식회사
LG디스플레이,주식회사
LG생활건강,주식회사
LG에너지솔루션,주식회사
LG전자,주식회사
LG화학,주식회사
NAVER,주식회사
POSCO홀딩스,주식회사
S-Oil,주식회사
SK,주식회사
SK바이오사이언스,주식회사
SK바이오팜,주식회사
SK아이이테크놀로지,주식회사
SK이노베이션,주식회사
SK텔레콤,주식회사
SK하이닉스,주식회사
Steam,소프트웨어 공급
개인0,개인
개인1,개인
개인10,개인
개인100,개인
개인101,개인
개인102,개인
개인103,개인
개인104,개인
개인105,개인
개인106,개인
개인107,개인
개인108,개인
개인109,개인
개인11,개인
개인110,개인
개인111,개인
개인112,개인
개인113,개인
개인114,개인
개인115,개인
개인116,개인
개인117,개인
개인118,개인
개인119,개인
개인12,개인
개인120,개인
개인121,개인
개인122,개인
개인123,개인
개인124,개인
개인125,개인
개인126,개인
개인127,개인
개인128,개인
개인129,개인
개인13,개인
개인130,개인
개인131,개인
개인132,개인
개인133,개인
개인134,개인
개인135,개인
개인136,개인
개인137,개인
개인138,개인
개인139,개인
개인14,개인
개인140,개인
개인141,개인
개인142,개인
개인143,개인
개인144,개인
개인145,개인
개인146,개인
개인147,개인
개인148,개인
개인149,개인
개인15,개인
개인150,개인
개인151,개인
개인152,개인
개인153,개인
개인154,개인
개인155,개인
개인156,개인
개인157,개인
개인158,개인
개인159,개인
개인16,개인
개인160,개인
개인161,개인
개인162,개인
개인163,개인
개인164,개인
개인165,개인
개인166,개인
개인167,개인
개인168,개인
개인169,개인
개인17,개인
개인170,개인
개인171,개인
개인172,개인
개인173,개인
개인174,개인
개인175,개인
개인176,개인
개인177,개인
개인178,개인
개인179,개인
개인18,개인
개인180,개인
개인181,개인
개인182,개인
개인183,개인
개인184,개인
개인185,개인
개인186,개인
개인187,개인
개인188,개인
개인189,개인
개인19,개인
개인190,개인
개인191,개인
개인192,개인
개인193,개인
개인194,개인
개인195,개인
개인196,개인
개인197,개인
개인198,개인
개인199,개인
개인2,개인
개인20,개인
개인21,개인
개인22,개인
개인23,개인
개인24,개인
개인25,개인
개인26,개인
개인27,개인
개인28,개인
개인29,개인
개인3,개인
개인30,개인
개인31,개인
개인32,개인
개인33,개인
개인34,개인
개인35,개인
개인36,개인
개인37,개인
개인38,개인
개인39,개인
개인4,개인
개인40,개인
개인41,개인
개인42,개인
개인43,개인
개인44,개인
개인45,개인
개인46,개인
개인47,개인
개인48,개인
개인49,개인
개인5,개인
개인50,개인
개인51,개인
개인52,개인
개인53,개인
개인54,개인
개인55,개인
개인56,개인
개인57,개인
개인58,개인
개인59,개인
개인6,개인
개인60,개인
개인61,개인
개인62,개인
개인63,개인
개인64,개인
개인65,개인
개인66,개인
개인67,개인
개인68,개인
개인69,개인
개인7,개인
개인70,개인
개인71,개인
개인72,개인
개인73,개인
개인74,개인
개인75,개인
개인76,개인
개인77,개인
개인78,개인
개인79,개인
개인8,개인
개인80,개인
개인81,개인
개인82,개인
개인83,개인
개인84,개인
개인85,개인
개인86,개인
개인87,개인
개인88,개인
개인89,개인
개인9,개인
개인90,개인
개인91,개인
개인92,개인
개인93,개인
개인94,개인
개인95,개인
개인96,개인
개인97,개인
개인98,개인
개인99,개인
경인고속,운수
고려아연,주식회사
공차,휴게음식점
굿패스풋살,체육시설
그린당구장,체육시설
기사국밥,일반음식점
기아,주식회사
기업은행,주식회사
낫소풋살파크,체육시설
넷마블,주식회사
노군꼬치율전점,주점
노군꼬치일월점,주점
노군꼬치정자점,주점
당골식당,일반음식점
당골이자까야,일반음식점
당수풋살,체육시설
대영당구장,체육시설
대한항공,항공운수
더현대,백화점
도암이자까야,일반음식점
롯데마트,대형마트
롯데시네마,영화관 운영
롯데케미칼,주식회사
리파인성대점,주점
리파인율전점,주점
리파인정자점,주점
맛있는둥지돈까스,일반음식점
맛있는둥지식당,일반음식점
맛있는둥지이자까야,일반음식점
맛있는별궁식당,일반음식점
맛있는연화식당,일반음식점
맛있는화성이자까야,일반음식점
메가박스,영화관 운영
박요셉풋살파크,체육시설
발리맥주율전점,주점
발리맥주천천점,주점
비어킹정자점,주점
비어킹천천점,주점
비타민휘트니스,체육시설
삼구포차율전점,주점
삼구포차정자점,주점
삼구포차천천점,주점
삼성SDI,주식회사
삼성물산,주식회사
삼성바이오로직스,주식회사
삼성생명,주식회사
삼성에스디에스,주식회사
삼성전기,주식회사
삼성전자,주식회사
삼성화재,주식회사
서울교통공사,운수
성대기사칼국수,일반음식점
성대둥지식당,일반음식점
성대식육식당,일반음식점
성대이학식당,일반음식점
성대한끼식당,일반음식점
세븐일레븐성대점,편의점
세븐일레븐율전점,편의점
세븐일레븐일월점,편의점
세븐일레븐정자점,편의점
세븐일레븐천천점,편의점
셀트리온,주식회사
수정식당,일반음식점
스타벅스,휴게음식점
스피드당구장,체육시설
식육식당,일반음식점
신한지주,주식회사
아모레퍼시픽,주식회사
아시아나,항공운수
아지트일월점,주점
아지트천천점,주점
에어부산,항공운수
엔센농구,체육시설
엔센당구,체육시설
엔센탁구,체육시설
엔씨소프트,주식회사
역전할머니맥주성대점,주점
오케이당구장,체육시설
옥집성대점,주점
옥집일월점,주점
옥집천천점,주점
우리금융지주,주식회사
우리동네기사돈까스,일반음식점
우리동네도암식당,일반음식점
우리동네별궁식당,일반음식점
우리동네연화식당,일반음식점
우리동네이학식당,일반음식점
우리동네진미스시야,일반음식점
우리동네한끼이자까야,일반음식점
우리동네화성식당,일반음식점
유틸리티휘트니스,체육시설
율전이학식당,일반음식점
이가네식당,일반음식점
이도씨맥주성대점,주점
이도씨맥주율전점,주점
이도씨맥주일월점,주점
이도씨맥주정자점,주점
이도씨맥주천천점,주점
이디야,휴게음식점
이마트,대형마트
이마트에브리데이성대점,편의점
이마트에브리데이율전점,편의점
이마트에브리데이일월점,편의점
이마트에브리데이정자점,편의점
이마트에브리데이천천점,편의점
인생맥주성대점,주점
인생맥주율전점,주점
인생맥주일월점,주점
정자풋살파크,체육시설
제주에어,항공운수
중국남방항공,항공운수
진에어,항공운수
창진운수,운수
카카오,주식회사
카카오뱅크,주식회사
카카오페이,주식회사
카페나노,휴게음식점
컴포즈 커피,휴게음식점
케이투스크린야구,체육시설
코레일,운수
코스트코,대형마트
크래프톤,주식회사
탐앤탐스,휴게음식점
투썸플레이스,휴게음식점
티웨이항공,항공운수
팬도로시,휴게음식점
포스코케이칼,주식회사
필스너하우스율전점,주점
필스너하우스정자점,주점
필스너하우스천천점,주점
하나금융지주,주식회사
하삼동커피,휴게음식점
하이브,주식회사
한국전력,주식회사
한국조선해양,주식회사
한끼식당,일반음식점
한온시스템,주식회사
현대글로비스,주식회사
현대모비스,주식회사
현대차,주식회사
홈플러스,대형마트
화성돈까스,일반음식점
